USE SchoolSystemManagement
GO

INSERT INTO Course(CourseId, CourseName, AcademicYear) VALUES
('K47', N'Khóa 47', '2021-2025')

INSERT INTO Department(DepartmentId, DepartmentName) VALUES
('K.CNTT', N'Công nghệ thông tin')

INSERT INTO Major(MajorId, MajorName, DepartmentId) VALUES
('N.CNTT', N'Công nghệ thông tin', 'K.CNTT')

INSERT INTO Account(UserName, PasswordHash, Salt, Role, IsActive, Email) VALUES
('Admin', '0c2dd3a13079db1fc7043e5e5785411bd48fe0658379ad48c1b50b6441ec7ccb', '153ea97fd27cde46fcf35e12852c6d602e4691cc25566c9e5fea42f1cd0e92d5', 0, 1, NULL),
('GV.0001', '6e76576ec18bfa76f5a328f6141d54ea6da0bfd4680495f15e388862a5716e0e', '6cb7a154ecee5832c42e08a691a38d1c1703f083e147bcd67e660c06b72fbd1d', 1, 1, NULL),
('47.01.104.233', 'a68ca2b59b559e775cd068b3f27f54eab5dc011f58990e5be2b3064c712112f8', 'f0b51f0f419d08842417f85204c68648961a3f304542554c51dee70d0a83472b', 2, 1, '4701104233@student.hcmue.edu.vn')

INSERT INTO Lecturer(LecturerId, FullName, UrlImage, DateOfBirth, PlaceOfBirth, Gender, EthnicGroup, CitizenIdentification, Religion, Country, State_Province, District_County, Ward_Commune, PhoneNumber, DepartmentId) VALUES
('GV.0001', N'Ngô Quốc Việt', '/Images/avt_girl.jpg', '1970-01-01', N'TP.Hồ Chí Minh', 0, N'Kinh', '123456789123', N'Phật', N'Việt Nam', N'TP.Hồ Chí Minh', N'Quận 5', N'Phường 15', '0123456789', 'K.CNTT')

INSERT INTO StudentClass(StudentClassId, StudentClassName, LecturerId, CourseId, MajorId) VALUES
('47.01.CNTT.A', N'Lớp Công nghệ thông tin A khóa 47', 'GV.0001', 'K47', 'N.CNTT')

INSERT INTO Student(StudentId, FullName, UrlImage, DateOfBirth, PlaceOfBirth, Gender, EthnicGroup, CitizenIdentification, Religion, Union_Party, TypeStudent, AcademicStatus, Country, State_Province, District_County, Ward_Commune, PhoneNumber, StudentClassId) VALUES
('47.01.104.233', N'Nguyễn Cát Tường', '/Images/avt_girl.jpg', '2003-01-18', N'Đồng Nai', 1, N'Kinh', '123456789123', N'Phật', 1, N'Chính thức', N'Còn học', N'Việt Nam', N'Đồng Nai', N'Biên Hòa', N'Tân Vạn', '0123456789', '47.01.CNTT.A')

INSERT INTO ModuleType(ModuleTypeId, ModuleTypeName) VALUES
('HP1', N'Học phần nền tảng'),
('HP2', N'Học phần nghiệp vụ'),
('HP3', N'Học phần thực hành, thực tập nghề nghiệp'),
('HP4', N'Học phần tốt nghiệp')

INSERT INTO ModuleGroup(ModuleGroupId, ModuleGroupName, ModuleTypeId) VALUES
('NHP1', N'Học phần chung', 'HP1'),
('NHP2', N'Học phần chuyên môn chung cho nhóm ngành', 'HP1'),
('NHP3', N'Học phần chuyên môn chung lĩnh vực và riêng cho ngành cụ thể', 'HP1'),
('NHP4', N'Học phần nghiệp vụ chung cho khối ngành', 'HP2'),
('NHP5', N'Học phần nghiệp vụ cho nhóm ngành', 'HP2'),
('NHP6', null, 'HP3'),
('NHP7', null, 'HP4')

INSERT INTO TrainingProgram(TrainingProgramId, TrainingProgramName, MajorId) VALUES
('CNTT.2021', N'CTDT Công nghệ thông tin năm 2021', 'N.CNTT')

INSERT INTO TrainingProgram_Course(TrainingProgram_CourseId, TrainingProgramId, CourseId) VALUES
('K47.CNTT.2021', 'CNTT.2021', 'K47')

INSERT INTO TrainingProgram_Course_Student(TrainingProgram_CourseId, StudentId) VALUES
('K47.CNTT.2021', '47.01.104.233')

INSERT INTO TrainingProgram_ModuleGroup(NumberOfElectiveCredits, TrainingProgramId, ModuleGroupId) VALUES
(4, 'CNTT.2021', 'NHP1'),
(0, 'CNTT.2021', 'NHP2'),
(6, 'CNTT.2021', 'NHP3'),
(0, 'CNTT.2021', 'NHP4'),
(21, 'CNTT.2021', 'NHP5'),
(0, 'CNTT.2021', 'NHP6'),
(6, 'CNTT.2021', 'NHP7')

INSERT INTO Subject(SubjectId, SubjectName, NumberOfCredit, DepartmentId) VALUES
('POLI2001', N'Triết học Mác - Lênin', 3, null),
('POLI1903', N'Pháp luật đại cương', 2, null),
('PSYC1001', N'Tâm lý học đại cương', 2, null),
('POLI2002', N'Kinh tế chính trị Mác - Lênin', 2, null),
('POLI2003', N'Chủ nghĩa xã hội khoa học', 2, null),
('POLI2005', N'Tư tưởng Hồ Chí Minh', 2, null),
('POLI2004', N'Lịch sử Đảng cộng sản Việt Nam', 2, null),
('PHYL2401', N'Giáo dục thể chất 1', 1, null),
('PHYL2', N'Giáo dục thể chất 2', 1, null),
('PHYL3', N'Giáo dục thể chất 3', 1, null),
('MILI2701', N'Đường lối quốc phòng và an ninh của Đảng Cộng sản Việt Nam', 3, null),
('MILI2702', N'Công tác quốc phòng và an ninh', 2, null),
('MILI2703', N'Quân sự chung', 2, null),
('MILI2704', N'Kỹ thuật chiến đấu bộ binh và chiến thuật', 4, null),
('EDUC2801', N'Phương pháp học tập hiệu quả', 2, null),
('PSYC1493', N'Kỹ năng thích ứng và giải quyết vấn đề', 2, null),
('PSYC2801', N'Kỹ năng làm việc nhóm và tư duy sáng tạo', 2, null),
('DOMS0', N'Giáo dục đời sống', 2, null),
('COMP1801', N'Toán rời rạc và ứng dụng', 2, null),
('COMP1501', N'Xác suất thống kê và ứng dụng', 3, null),
('COMP1802', N'Thiết kế Web', 2, null),
('COMP1800', N'Cơ sở toán trong CNTT', 4, null),
('COMP1010', N'Lập trình cơ bản', 3, null),
('COMP1013', N'Lập trình nâng cao', 3, null),
('COMP1017', N'Lập trình hướng đối tượng', 3, null),
('COMP1701', N'Lý thuyết đồ thị và ứng dụng', 3, null),
('COMP1502', N'Quy hoạch tuyến tính và ứng dụng', 3, null),
('COMP1332', N'Hệ điều hành', 3, null),
('COMP1011', N'Kiến trúc máy tính và hợp ngữ', 3, null),
('COMP1018', N'Cơ sở dữ liệu', 3, null),
('COMP1016', N'Cấu trúc dữ liệu', 3, null),
('COMP1015', N'Nhập môn mạng máy tính', 3, null),
('COMP1401', N'Phân tích và thiết kế giải thuật', 3, null),
('COMP1019', N'Lập trình trên Windows', 3, null),
('PSYC2804', N'Phương pháp nghiên cứu khoa học', 2, null),
('COMP1047', N'Đồ hoạ máy tính', 3, null),
('COMP1024', N'Các hệ cơ sở dữ liệu', 3, null),
('COMP1712', N'Học máy', 3, null),
('COMP1308', N'Phát triển ứng dụng trò chơi', 3, null),
('COMP1304', N'Phát triển ứng dụng trên thiết bị di động', 3, null),
('COMP1050', N'Xử lý ảnh số', 3, null),
('COMP1043', N'Hệ thống mã nguồn mở', 3, null),
('COMP1709', N'Hệ thống nhúng và ứng dụng', 3, null),
('COMP1402', N'Quy trình phát triển phần mềm Agile', 3, null),
('COMP1305', N'Quản lý dự án Công nghệ Thông tin', 3, null),
('PSYC2803', N'Khởi nghiệp', 2, null),
('COMP1314', N'Trí tuệ nhân tạo', 3, null),
('COMP1044', N'Nhập môn công nghệ phần mềm', 3, null),
('COMP1060', N'Phân tích thiết kế hướng đối tượng', 3, null),
('COMP1803', N'Lập trình PHP', 3, null),
('COMP1029', N'Thiết kế và quản lý mạng LAN', 3, null),
('COMP1025', N'Mạng máy tính nâng cao', 3, null),
('COMP1046', N'Các hệ cơ sở tri thức', 3, null),
('COMP1315', N'Khai thác dữ liệu và ứng dụng', 3, null),
('COMP1318', N'Các phương pháp học thống kê', 3, null),
('COMP1316', N'Lập trình tiến hóa và thuật giải di truyền', 3, null),
('COMP1057', N'Logic mờ và ứng dụng', 3, null),
('COMP1714', N'Khai thác dữ liệu văn bản', 3, null),
('COMP1713', N'Các giải thuật tính toán đại số', 3, null),
('COMP1320', N'Đồ họa máy tính nâng cao', 3, null),
('COMP1715', N'Xử lý ngôn ngữ tự nhiên', 3, null),
('COMP1716', N'Lý thuyết mã hóa và mật mã', 3, null),
('COMP1710', N'Công nghệ chuỗi khối và ứng dụng', 3, null),
('COMP1032', N'Phân tích và thiết kế hệ thống thông tin', 3, null),
('COMP1041', N'Cơ sở dữ liệu nâng cao', 3, null),
('COMP1064', N'Công nghệ NET', 3, null),
('COMP1042', N'Công nghệ JAVA', 3, null),
('COMP1031', N'Công nghệ Web', 3, null),
('COMP1307', N'Kiểm thử phần mềm cơ bản', 3, null),
('COMP1049', N'Bảo mật và an ninh mạng', 3, null),
('COMP1310', N'Hệ tư vấn thông tin', 3, null),
('COMP1311', N'Bảo mật cơ sở dữ liệu', 3, null),
('COMP1085', N'Hệ thống quản trị doanh nghiệp', 3, null),
('COMP1306', N'Xây dựng dự án Công nghệ thông tin', 3, null),
('COMP1704', N'Nhập môn DevOps', 3, null),
('COMP1065', N'Chuyên đề Oracle', 3, null),
('COMP1506', N'Internet vạn vật', 3, null),
('COMP1077', N'Quản trị dịch vụ mạng với Windows Server', 3, null),
('COMP1804', N'Lập trình Python', 3, null),
('COMP1070', N'Quản trị cơ bản với Windows Server', 3, null),
('COMP1071', N'Nghi thức giao tiếp mạng (CISCO 1)', 3, null),
('COMP1072', N'Truyền thông kỹ thuật số', 3, null),
('COMP1326', N'Lắp ráp, cài đặt và bảo trì máy tính', 3, null),
('COMP1073', N'Chẩn đoán và quản lý sự cố mạng', 3, null),
('COMP1076', N'Quản trị mạng với Linux', 3, null),
('COMP1074', N'Định tuyến mạng nâng cao (CISCO 2)', 3, null),
('COMP1324', N'Phân tích dữ liệu', 3, null),
('COMP1504', N'Thị giác máy tính và ứng dụng', 3, null),
('COMP1325', N'Máy học nâng cao', 3, null),
('COMP1505', N'Phân tích ảnh y khoa', 3, null),
('COMP1309', N'Kiểm thử phần mềm nâng cao', 3, null),
('COMP1703', N'Phát triển ứng dụng trên thiết bị di động nâng cao', 3, null),
('COMP1084', N'Thương mại điện tử', 3, null),
('COMP1069', N'Công nghệ phần mềm nâng cao', 3, null),
('COMP1313', N'Điện toán đám mây', 3, null),
('COMP1080', N'Công nghệ mạng không dây', 3, null),
('COMP1809', N'Thực hành nghề nghiệp', 3, null),
('COMP1410', N'Thực tập nghề nghiệp 1', 2, null),
('COMP1811', N'Thực tập nghề nghiệp 2', 5, null),
('COMP1083', N'Khóa luận tốt nghiệp', 6, null),
('COMP1813', N'Hồ sơ tốt nghiệp', 3, null),
('COMP1814', N'Sản phẩm nghiên cứu khoa học', 3, null)

INSERT INTO TrainingProgram_ModuleGroup_Subject(TrainingProgram_ModuleGroupId, SubjectId, SubjectType, IsCredit_GPA) VALUES
(1, 'POLI2001', N'Bắt buộc', 0),
(1, 'POLI1903', N'Bắt buộc', 0),
(1, 'PSYC1001', N'Bắt buộc', 0),
(1, 'POLI2002', N'Bắt buộc', 0),
(1, 'POLI2003', N'Bắt buộc', 0),
(1, 'POLI2005', N'Bắt buộc', 0),
(1, 'POLI2004', N'Bắt buộc', 0),
(1, 'PHYL2401', N'Bắt buộc', 1),
(1, 'PHYL2', N'Bắt buộc', 1),
(1, 'PHYL3', N'Bắt buộc', 1),
(1, 'MILI2701', N'Bắt buộc', 1),
(1, 'MILI2702', N'Bắt buộc', 1),
(1, 'MILI2703', N'Bắt buộc', 1),
(1, 'MILI2704', N'Bắt buộc', 1),
(1, 'EDUC2801', N'Tự chọn', 0),
(1, 'PSYC1493', N'Tự chọn', 0),
(1, 'PSYC2801', N'Tự chọn', 0),
(1, 'DOMS0', N'Tự chọn', 0),
(2, 'COMP1801', N'Bắt buộc', 0),
(2, 'COMP1501', N'Bắt buộc', 0),
(2, 'COMP1802', N'Bắt buộc', 0),
(2, 'COMP1800', N'Bắt buộc', 0),
(3, 'COMP1010', N'Bắt buộc', 0),
(3, 'COMP1013', N'Bắt buộc', 0),
(3, 'COMP1017', N'Bắt buộc', 0),
(3, 'COMP1701', N'Bắt buộc', 0),
(3, 'COMP1502', N'Bắt buộc', 0),
(3, 'COMP1332', N'Bắt buộc', 0),
(3, 'COMP1011', N'Bắt buộc', 0),
(3, 'COMP1018', N'Bắt buộc', 0),
(3, 'COMP1016', N'Bắt buộc', 0),
(3, 'COMP1015', N'Bắt buộc', 0),
(3, 'COMP1401', N'Bắt buộc', 0),
(3, 'COMP1019', N'Bắt buộc', 0),
(3, 'PSYC2804', N'Bắt buộc', 0),
(3, 'COMP1047', N'Tự chọn', 0),
(3, 'COMP1024', N'Tự chọn', 0),
(3, 'COMP1712', N'Tự chọn', 0),
(3, 'COMP1308', N'Tự chọn', 0),
(3, 'COMP1304', N'Tự chọn', 0),
(3, 'COMP1050', N'Tự chọn', 0),
(3, 'COMP1043', N'Tự chọn', 0),
(3, 'COMP1709', N'Tự chọn', 0),
(3, 'COMP1402', N'Tự chọn', 0),
(3, 'COMP1305', N'Tự chọn', 0),
(4, 'PSYC2803', N'Bắt buộc', 0),
(5, 'COMP1314', N'Bắt buộc', 0),
(5, 'COMP1044', N'Bắt buộc', 0),
(5, 'COMP1060', N'Bắt buộc', 0),
(5, 'COMP1803', N'Bắt buộc', 0),
(5, 'COMP1029', N'Tự chọn', 0),
(5, 'COMP1025', N'Tự chọn', 0),
(5, 'COMP1046', N'Tự chọn', 0),
(5, 'COMP1315', N'Tự chọn', 0),
(5, 'COMP1318', N'Tự chọn', 0),
(5, 'COMP1316', N'Tự chọn', 0),
(5, 'COMP1057', N'Tự chọn', 0),
(5, 'COMP1714', N'Tự chọn', 0),
(5, 'COMP1713', N'Tự chọn', 0),
(5, 'COMP1320', N'Tự chọn', 0),
(5, 'COMP1715', N'Tự chọn', 0),
(5, 'COMP1716', N'Tự chọn', 0),
(5, 'COMP1710', N'Tự chọn', 0),
(5, 'COMP1032', N'Tự chọn', 0),
(5, 'COMP1041', N'Tự chọn', 0),
(5, 'COMP1064', N'Tự chọn', 0),
(5, 'COMP1042', N'Tự chọn', 0),
(5, 'COMP1031', N'Tự chọn', 0),
(5, 'COMP1307', N'Tự chọn', 0),
(5, 'COMP1049', N'Tự chọn', 0),
(5, 'COMP1310', N'Tự chọn', 0),
(5, 'COMP1311', N'Tự chọn', 0),
(5, 'COMP1085', N'Tự chọn', 0),
(5, 'COMP1306', N'Tự chọn', 0),
(5, 'COMP1704', N'Tự chọn', 0),
(5, 'COMP1065', N'Tự chọn', 0),
(5, 'COMP1506', N'Tự chọn', 0),
(5, 'COMP1077', N'Tự chọn', 0),
(5, 'COMP1804', N'Tự chọn', 0),
(5, 'COMP1070', N'Tự chọn', 0),
(5, 'COMP1071', N'Tự chọn', 0),
(5, 'COMP1072', N'Tự chọn', 0),
(5, 'COMP1326', N'Tự chọn', 0),
(5, 'COMP1073', N'Tự chọn', 0),
(5, 'COMP1076', N'Tự chọn', 0),
(5, 'COMP1074', N'Tự chọn', 0),
(5, 'COMP1324', N'Tự chọn', 0),
(5, 'COMP1504', N'Tự chọn', 0),
(5, 'COMP1325', N'Tự chọn', 0),
(5, 'COMP1505', N'Tự chọn', 0),
(5, 'COMP1309', N'Tự chọn', 0),
(5, 'COMP1703', N'Tự chọn', 0),
(5, 'COMP1084', N'Tự chọn', 0),
(5, 'COMP1069', N'Tự chọn', 0),
(5, 'COMP1313', N'Tự chọn', 0),
(5, 'COMP1080', N'Tự chọn', 0),
(6, 'COMP1809', N'Bắt buộc', 0),
(6, 'COMP1410', N'Bắt buộc', 0),
(6, 'COMP1811', N'Bắt buộc', 0),
(7, 'COMP1083', N'Bắt buộc', 0),
(7, 'COMP1813', N'Bắt buộc', 0),
(7, 'COMP1814', N'Bắt buộc', 0)

INSERT INTO Semester(SemesterId, SemesterName) VALUES
('HK1', N'Học kì 1'),
('HK2', N'Học kì 2'),
('HK3', N'Học kì 3'),
('HK4', N'Học kì 4'),
('HK5', N'Học kì 5'),
('HK6', N'Học kì 6'),
('HK7', N'Học kì 7'),
('HK8', N'Học kì 8'),
('HKH', N'Học kì hè')

INSERT INTO SemesterPeriod(AcademicYear, StartDate, EndDate, SemesterId) VALUES
('2024-2025', '2024-09-02', '2024-12-15', 'HK1'),
('2024-2025', '2025-02-17', '2025-06-08', 'HK2'),
('2024-2025', '2025-06-30', '2025-08-10', 'HKH')

INSERT INTO InstructionalPlan(TrainingProgram_CourseId, SemesterId, SubjectId) VALUES
('K47.CNTT.2021', 'HK1', 'POLI2001'),
('K47.CNTT.2021', 'HK1', 'POLI1903'),
('K47.CNTT.2021', 'HK1', 'PSYC1001'),
('K47.CNTT.2021', 'HK1', 'COMP1801'),
('K47.CNTT.2021', 'HK1', 'COMP1802'),
('K47.CNTT.2021', 'HK1', 'COMP1800'),
('K47.CNTT.2021', 'HK1', 'COMP1010'),
('K47.CNTT.2021', 'HK1', 'PHYL2401'),
('K47.CNTT.2021', 'HK1', 'MILI2701'),
('K47.CNTT.2021', 'HK2', 'POLI2002'),
('K47.CNTT.2021', 'HK2', 'POLI2003'),
('K47.CNTT.2021', 'HK2', 'COMP1013'),
('K47.CNTT.2021', 'HK2', 'COMP1017'),
('K47.CNTT.2021', 'HK2', 'PSYC2804'),
('K47.CNTT.2021', 'HK2', 'EDUC2801'),
('K47.CNTT.2021', 'HK2', 'PSYC1493'),
('K47.CNTT.2021', 'HK2', 'PSYC2801'),
('K47.CNTT.2021', 'HK2', 'DOMS0'),
('K47.CNTT.2021', 'HK2', 'PHYL2'),
('K47.CNTT.2021', 'HK2', 'MILI2702'),
('K47.CNTT.2021', 'HK3', 'POLI2005'),
('K47.CNTT.2021', 'HK3', 'COMP1701'),
('K47.CNTT.2021', 'HK3', 'COMP1018'),
('K47.CNTT.2021', 'HK3', 'COMP1016'),
('K47.CNTT.2021', 'HK3', 'COMP1019'),
('K47.CNTT.2021', 'HK3', 'COMP1501'),
('K47.CNTT.2021', 'HK3', 'MILI2703'),
('K47.CNTT.2021', 'HK3', 'PHYL3'),
('K47.CNTT.2021', 'HK4', 'POLI2004'),
('K47.CNTT.2021', 'HK4', 'COMP1015'),
('K47.CNTT.2021', 'HK4', 'COMP1011'),
('K47.CNTT.2021', 'HK4', 'COMP1332'),
('K47.CNTT.2021', 'HK4', 'COMP1401'),
('K47.CNTT.2021', 'HK4', 'COMP1502'),
('K47.CNTT.2021', 'HK4', 'MILI2704'),
('K47.CNTT.2021', 'HK5', 'COMP1044'),
('K47.CNTT.2021', 'HK5', 'COMP1060'),
('K47.CNTT.2021', 'HK5', 'COMP1314'),
('K47.CNTT.2021', 'HK5', 'COMP1024'),
('K47.CNTT.2021', 'HK5', 'COMP1305'),
('K47.CNTT.2021', 'HK5', 'COMP1307'),
('K47.CNTT.2021', 'HK5', 'COMP1032'),
('K47.CNTT.2021', 'HK5', 'COMP1041'),
('K47.CNTT.2021', 'HK5', 'COMP1050'),
('K47.CNTT.2021', 'HK5', 'COMP1402'),
('K47.CNTT.2021', 'HK5', 'COMP1029'),
('K47.CNTT.2021', 'HK5', 'COMP1304'),
('K47.CNTT.2021', 'HK5', 'COMP1308'),
('K47.CNTT.2021', 'HK5', 'COMP1709'),
('K47.CNTT.2021', 'HK5', 'COMP1043'),
('K47.CNTT.2021', 'HK5', 'COMP1071'),
('K47.CNTT.2021', 'HK5', 'COMP1804'),
('K47.CNTT.2021', 'HK5', 'COMP1070'),
('K47.CNTT.2021', 'HK5', 'COMP1712'),
('K47.CNTT.2021', 'HK6', 'COMP1809'),
('K47.CNTT.2021', 'HK6', 'COMP1803'),
('K47.CNTT.2021', 'HK6', 'COMP1047'),
('K47.CNTT.2021', 'HK6', 'COMP1031'),
('K47.CNTT.2021', 'HK6', 'COMP1042'),
('K47.CNTT.2021', 'HK6', 'COMP1064'),
('K47.CNTT.2021', 'HK6', 'COMP1310'),
('K47.CNTT.2021', 'HK6', 'COMP1311'),
('K47.CNTT.2021', 'HK6', 'COMP1065'),
('K47.CNTT.2021', 'HK6', 'COMP1085'),
('K47.CNTT.2021', 'HK6', 'COMP1704'),
('K47.CNTT.2021', 'HK6', 'COMP1306'),
('K47.CNTT.2021', 'HK6', 'COMP1046'),
('K47.CNTT.2021', 'HK6', 'COMP1315'),
('K47.CNTT.2021', 'HK6', 'COMP1318'),
('K47.CNTT.2021', 'HK6', 'COMP1713'),
('K47.CNTT.2021', 'HK6', 'COMP1316'),
('K47.CNTT.2021', 'HK6', 'COMP1715'),
('K47.CNTT.2021', 'HK6', 'COMP1057'),
('K47.CNTT.2021', 'HK6', 'COMP1716'),
('K47.CNTT.2021', 'HK6', 'COMP1714'),
('K47.CNTT.2021', 'HK6', 'COMP1049'),
('K47.CNTT.2021', 'HK6', 'COMP1072'),
('K47.CNTT.2021', 'HK6', 'COMP1326'),
('K47.CNTT.2021', 'HK6', 'COMP1073'),
('K47.CNTT.2021', 'HK6', 'COMP1076'),
('K47.CNTT.2021', 'HK6', 'COMP1025'),
('K47.CNTT.2021', 'HK6', 'COMP1074'),
('K47.CNTT.2021', 'HK6', 'COMP1506'),
('K47.CNTT.2021', 'HK6', 'COMP1710'),
('K47.CNTT.2021', 'HK6', 'COMP1077'),
('K47.CNTT.2021', 'HK7', 'PSYC2803'),
('K47.CNTT.2021', 'HK7', 'COMP1320'),
('K47.CNTT.2021', 'HK7', 'COMP1069'),
('K47.CNTT.2021', 'HK7', 'COMP1703'),
('K47.CNTT.2021', 'HK7', 'COMP1309'),
('K47.CNTT.2021', 'HK7', 'COMP1084'),
('K47.CNTT.2021', 'HK7', 'COMP1505'),
('K47.CNTT.2021', 'HK7', 'COMP1325'),
('K47.CNTT.2021', 'HK7', 'COMP1504'),
('K47.CNTT.2021', 'HK7', 'COMP1324'),
('K47.CNTT.2021', 'HK7', 'COMP1313'),
('K47.CNTT.2021', 'HK7', 'COMP1080'),
('K47.CNTT.2021', 'HK7', 'COMP1410'),
('K47.CNTT.2021', 'HK8', 'COMP1811'),
('K47.CNTT.2021', 'HK8', 'COMP1083'),
('K47.CNTT.2021', 'HK8', 'COMP1813'),
('K47.CNTT.2021', 'HK8', 'COMP1814')

INSERT INTO ClassRoom(ClassRoomId, Sector, Floor, RoomType, Capacity) VALUES
('I102', N'I', '1', N'Phòng máy tính', 40),
('I103', N'I', '1', N'Phòng máy tính', 40),
('I201', N'I', '2', N'Phòng máy tính', 40)


